id,title,date_issued,year,subjects,genre,item_url,doi_url,thumbnail_url,image_url,pdf_url,rights
rutgers-lib:73834,"C.I.S.P.E.S. Benefit for El Salvador, The Eve Subculture September Violence, Scott Hall College Ave New Brunswick, Sat July 11th",1980-07-01-1989-07-01,1980,New Brunswick (N.J.); The Eve Subculture; September Violence,Band flyer,https://rucore.libraries.rutgers.edu/rutgers-lib/73834/,https://doi.org/doi:10.7282/t3-9cm2-2403,https://rucore.libraries.rutgers.edu/api/get/rutgers-lib:73834/THUMBJPEG/1,,https://rucore.libraries.rutgers.edu/api/get/rutgers-lib:73834/PDF/1,"The copyright and related rights status of this Item has been reviewed by the organization that has made the Item available, but the organization was unable to make a conclusive determination as to the copyright status of the Item. Please refer to the organization that has made the Item available for more information. You are free to use this Item in any way that is permitted by the copyright and related rights legislation that applies to your use."
rutgers-lib:72342,Aquarian Weekly Regional Edition September 9th 1981 Mick Jagger? The Rolling Stones,1981-09-09,1981,"New Jersey; Philadelphia (PA); Long Island (N.Y.); Conneticut; New York (State); Jagger, Michael; The Rolling Stones",Newspaper,https://rucore.libraries.rutgers.edu/rutgers-lib/72342/,https://doi.org/doi:10.7282/t3-3dm5-3y65,https://rucore.libraries.rutgers.edu/api/get/rutgers-lib:72342/THUMBJPEG/1,https://rucore.libraries.rutgers.edu/api/get/rutgers-lib:72342/JPEG/1,https://rucore.libraries.rutgers.edu/api/get/rutgers-lib:72342/PDF/1,"The copyright and related rights status of this Item has been reviewed by the organization that has made the Item available, but the organization was unable to make a conclusive determination as to the copyright status of the Item. Please refer to the organization that has made the Item available for more information. You are free to use this Item in any way that is permitted by the copyright and related rights legislation that applies to your use."
rutgers-lib:72344,Good Times June 15th-28th 1982 Gilda+Gene Live,1982-06-15,1982,"New York (N.Y); New Jersey; Wilder, Gene; Radner, Gilda",Newspaper,https://rucore.libraries.rutgers.edu/rutgers-lib/72344/,https://doi.org/doi:10.7282/t3-62xq-vt21,https://rucore.libraries.rutgers.edu/api/get/rutgers-lib:72344/THUMBJPEG/1,https://rucore.libraries.rutgers.edu/api/get/rutgers-lib:72344/JPEG/1,https://rucore.libraries.rutgers.edu/api/get/rutgers-lib:72344/PDF/1,"The copyright and related rights status of this Item has been reviewed by the organization that has made the Item available, but the organization was unable to make a conclusive determination as to the copyright status of the Item. Please refer to the organization that has made the Item available for more information. You are free to use this Item in any way that is permitted by the copyright and related rights legislation that applies to your use."
rutgers-lib:72360,"Court Tavern 124 Church Street, The Pseudo-Realists, Thurs Aug 16th 1984",1984-08-16,1984,New Brunswick (N.J.); The Pseudo-Realists; Court Tavern,Band flyer,https://rucore.libraries.rutgers.edu/rutgers-lib/72360/,https://doi.org/doi:10.7282/t3-gk8z-8k63,https://rucore.libraries.rutgers.edu/api/get/rutgers-lib:72360/THUMBJPEG/1,https://rucore.libraries.rutgers.edu/api/get/rutgers-lib:72360/JPEG/1,https://rucore.libraries.rutgers.edu/api/get/rutgers-lib:72360/PDF/1,"The copyright and related rights status of this Item has been reviewed by the organization that has made the Item available, but the organization was unable to make a conclusive determination as to the copyright status of the Item. Please refer to the organization that has made the Item available for more information. You are free to use this Item in any way that is permitted by the copyright and related rights legislation that applies to your use."
rutgers-lib:72365,Aquarian Arts Weekly The Replacements,1985-12-25,1985,East Coast (North America); The Replacements,Newspaper,https://rucore.libraries.rutgers.edu/rutgers-lib/72365/,https://doi.org/doi:10.7282/t3-4akb-th34,https://rucore.libraries.rutgers.edu/api/get/rutgers-lib:72365/THUMBJPEG/1,https://rucore.libraries.rutgers.edu/api/get/rutgers-lib:72365/JPEG/1,https://rucore.libraries.rutgers.edu/api/get/rutgers-lib:72365/PDF/1,"The copyright and related rights status of this Item has been reviewed by the organization that has made the Item available, but the organization was unable to make a conclusive determination as to the copyright status of the Item. Please refer to the organization that has made the Item available for more information. You are free to use this Item in any way that is permitted by the copyright and related rights legislation that applies to your use."
rutgers-lib:70248,"Batteries Not Included, Stating the Obvious : The Roxy",1985-10-18,1985,New Brunswick (N.J.); Batteries Not Included (Musical group); Stating the Obvious (Musical group); The Roxy,Band flyers,https://rucore.libraries.rutgers.edu/rutgers-lib/70248/,https://doi.org/doi:10.7282/t3-vkvy-9211,https://rucore.libraries.rutgers.edu/api/get/rutgers-lib:70248/THUMBJPEG/1,,https://rucore.libraries.rutgers.edu/api/get/rutgers-lib:70248/PDF/1,"The copyright and related rights status of this Item has been reviewed by the organization that has made the Item available, but the organization was unable to make a conclusive determination as to the copyright status of the Item.Please refer to the organization that has made the Item available for more information.You are free to use this Item in any way that is permitted by the copyright and related rights legislation that applies to your use."
rutgers-lib:73856,"C.I.S.P.E.S. Benefit, Scott Hall, College Ave, Dag-Nasty, ex minor threat descendent members, P.E.D., Hollow Body, Sat March 7th 8pm",1985-03-07-1985-03-07,1985,New Brunswick (N.J.); Dag-Nasty; P.E.D.; Hollow Body,Band flyer,https://rucore.libraries.rutgers.edu/rutgers-lib/73856/,https://doi.org/doi:10.7282/t3-zd8y-7382,https://rucore.libraries.rutgers.edu/api/get/rutgers-lib:73856/THUMBJPEG/1,,https://rucore.libraries.rutgers.edu/api/get/rutgers-lib:73856/PDF/1,"The copyright and related rights status of this Item has been reviewed by the organization that has made the Item available, but the organization was unable to make a conclusive determination as to the copyright status of the Item. Please refer to the organization that has made the Item available for more information. You are free to use this Item in any way that is permitted by the copyright and related rights legislation that applies to your use."
rutgers-lib:74248,"Scott Hall Room 123 College Ave, Flag of Democracy, September Violence, Black Vomit, Oct 31st, 7:30pm",1985,1985,"New Brunswick, N.J.; Flag of Democracy (Musical group); September Violence (Musical group); Black Vomit (Musical group)",Band flyer,https://rucore.libraries.rutgers.edu/rutgers-lib/74248/,https://doi.org/doi:10.7282/t3-19h2-rd36,https://rucore.libraries.rutgers.edu/api/get/rutgers-lib:74248/THUMBJPEG/1,https://rucore.libraries.rutgers.edu/api/get/rutgers-lib:74248/JPEG/1,https://rucore.libraries.rutgers.edu/api/get/rutgers-lib:74248/PDF/1,"The copyright and related rights status of this Item has been reviewed by the organization that has made the Item available, but the organization was unable to make a conclusive determination as to the copyright status of the Item. Please refer to the organization that has made the Item available for more information. You are free to use this Item in any way that is permitted by the copyright and related rights legislation that applies to your use."
rutgers-lib:70246,The Masterbeats : The Roxy,1985-10-11,1985,New Brunswick (N.J.); The Masterbeats (Musical group),Band flyers,https://rucore.libraries.rutgers.edu/rutgers-lib/70246/,https://doi.org/doi:10.7282/t3-ayd6-8811,https://rucore.libraries.rutgers.edu/api/get/rutgers-lib:70246/THUMBJPEG/1,,https://rucore.libraries.rutgers.edu/api/get/rutgers-lib:70246/PDF/1,"The copyright and related rights status of this Item has been reviewed by the organization that has made the Item available, but the organization was unable to make a conclusive determination as to the copyright status of the Item.Please refer to the organization that has made the Item available for more information.You are free to use this Item in any way that is permitted by the copyright and related rights legislation that applies to your use."
rutgers-lib:73774,"C.I.S.P.E.S. Benefit Sand in Liquid Motion, Sand in the Face, Stets, Jersey Fresh, Scott Hall College Ave New Brunswick Fri Jan 30th",1987-01-30,1987,New Brunswick (N.J.); Sand in the Face; Stets; Jersey Fresh,Band flyer,https://rucore.libraries.rutgers.edu/rutgers-lib/73774/,https://doi.org/doi:10.7282/t3-8w7w-x363,https://rucore.libraries.rutgers.edu/api/get/rutgers-lib:73774/THUMBJPEG/1,,https://rucore.libraries.rutgers.edu/api/get/rutgers-lib:73774/PDF/1,"The copyright and related rights status of this Item has been reviewed by the organization that has made the Item available, but the organization was unable to make a conclusive determination as to the copyright status of the Item. Please refer to the organization that has made the Item available for more information. You are free to use this Item in any way that is permitted by the copyright and related rights legislation that applies to your use."
rutgers-lib:72361,"City Gardens Trenton, Flipper Public Tour LTD, Sun Jan 18th 5pm-9pm 1987",1987-01-18,1987,Trenton (N.J.); Flipper; City Gardens,Band flyer,https://rucore.libraries.rutgers.edu/rutgers-lib/72361/,https://doi.org/doi:10.7282/t3-9k9r-6585,https://rucore.libraries.rutgers.edu/api/get/rutgers-lib:72361/THUMBJPEG/1,https://rucore.libraries.rutgers.edu/api/get/rutgers-lib:72361/JPEG/1,https://rucore.libraries.rutgers.edu/api/get/rutgers-lib:72361/PDF/1,"The copyright and related rights status of this Item has been reviewed by the organization that has made the Item available, but the organization was unable to make a conclusive determination as to the copyright status of the Item. Please refer to the organization that has made the Item available for more information. You are free to use this Item in any way that is permitted by the copyright and related rights legislation that applies to your use."
rutgers-lib:74259,"Middlesex College, P.E.D., April 7th",1987-10-23,1987,"New Brunswick, N.J.; Sonic Youth (Musical group); Blind Idiot Gods (Musical group); Shock Mommies (Musical group); Atkins, Henry; Hernandez, Lucas",Band flyer,https://rucore.libraries.rutgers.edu/rutgers-lib/74259/,https://doi.org/doi:10.7282/t3-4snc-q534,https://rucore.libraries.rutgers.edu/api/get/rutgers-lib:74259/THUMBJPEG/1,https://rucore.libraries.rutgers.edu/api/get/rutgers-lib:74259/JPEG/1,https://rucore.libraries.rutgers.edu/api/get/rutgers-lib:74259/PDF/1,"The copyright and related rights status of this Item has been reviewed by the organization that has made the Item available, but the organization was unable to make a conclusive determination as to the copyright status of the Item. Please refer to the organization that has made the Item available for more information. You are free to use this Item in any way that is permitted by the copyright and related rights legislation that applies to your use."
rutgers-lib:72343,East Coast Rocker April 20th 1988 Robyn Hitchcock,1988-04-20,1988,"East Coast (North America); Hitchcock, Robyn",Newspaper,https://rucore.libraries.rutgers.edu/rutgers-lib/72343/,https://doi.org/doi:10.7282/t3-yb4y-df60,https://rucore.libraries.rutgers.edu/api/get/rutgers-lib:72343/THUMBJPEG/1,https://rucore.libraries.rutgers.edu/api/get/rutgers-lib:72343/JPEG/1,https://rucore.libraries.rutgers.edu/api/get/rutgers-lib:72343/PDF/1,"The copyright and related rights status of this Item has been reviewed by the organization that has made the Item available, but the organization was unable to make a conclusive determination as to the copyright status of the Item. Please refer to the organization that has made the Item available for more information. You are free to use this Item in any way that is permitted by the copyright and related rights legislation that applies to your use."
rutgers-lib:70253,"L.S.D., Bedlam, Destroy All Bands : The Court Tavern",1989-09-26,1989,New Brunswick (N.J.); L.S.D. (Musical group); Bedlam (Musical group); Destroy All Bands (Musical group); The Court Tavern,Band flyers,https://rucore.libraries.rutgers.edu/rutgers-lib/70253/,https://doi.org/doi:10.7282/t3-x1nj-ta20,https://rucore.libraries.rutgers.edu/api/get/rutgers-lib:70253/THUMBJPEG/1,,https://rucore.libraries.rutgers.edu/api/get/rutgers-lib:70253/PDF/1,"The copyright and related rights status of this Item has been reviewed by the organization that has made the Item available, but the organization was unable to make a conclusive determination as to the copyright status of the Item.Please refer to the organization that has made the Item available for more information.You are free to use this Item in any way that is permitted by the copyright and related rights legislation that applies to your use."
rutgers-lib:70090,"Panic : Cook College Student Center, The Court Tavern",1989-12,1989,New Brunswick (N.J.); Panic (Musical group); Cook College Student Center; The Court Tavern,Band flyers,https://rucore.libraries.rutgers.edu/rutgers-lib/70090/,https://doi.org/doi:10.7282/t3-q27x-vb45,https://rucore.libraries.rutgers.edu/api/get/rutgers-lib:70090/THUMBJPEG/1,,https://rucore.libraries.rutgers.edu/api/get/rutgers-lib:70090/PDF/1,"The copyright and related rights status of this Item has been reviewed by the organization that has made the Item available, but the organization was unable to make a conclusive determination as to the copyright status of the Item.Please refer to the organization that has made the Item available for more information.You are free to use this Item in any way that is permitted by the copyright and related rights legislation that applies to your use."
rutgers-lib:72357,"ABC No Rio 156 Rivington St, Born Against, Mossicon (DC), Dec 15th 1990",1990-12-15,1990,New York City (N.Y.); Washington (D.C.); Born Against; Mossicon; ABC No Rio,Band flyer,https://rucore.libraries.rutgers.edu/rutgers-lib/72357/,https://doi.org/doi:10.7282/t3-g1by-ap25,https://rucore.libraries.rutgers.edu/api/get/rutgers-lib:72357/THUMBJPEG/1,https://rucore.libraries.rutgers.edu/api/get/rutgers-lib:72357/JPEG/1,https://rucore.libraries.rutgers.edu/api/get/rutgers-lib:72357/PDF/1,"The copyright and related rights status of this Item has been reviewed by the organization that has made the Item available, but the organization was unable to make a conclusive determination as to the copyright status of the Item. Please refer to the organization that has made the Item available for more information. You are free to use this Item in any way that is permitted by the copyright and related rights legislation that applies to your use."
rutgers-lib:72358,"ABC No Rio 156 Rivington St, Neutral Nation (RI), Affirmative Action, Urgent Fury, Grin Dec 22nd 3pm 1990",1990-12-22,1990,New York City (N.Y.); Neutral Nation; Affirmative Action; Urgent Fury; Grin; ABC No Rio,Band flyer,https://rucore.libraries.rutgers.edu/rutgers-lib/72358/,https://doi.org/doi:10.7282/t3-73wa-z688,https://rucore.libraries.rutgers.edu/api/get/rutgers-lib:72358/THUMBJPEG/1,https://rucore.libraries.rutgers.edu/api/get/rutgers-lib:72358/JPEG/1,https://rucore.libraries.rutgers.edu/api/get/rutgers-lib:72358/PDF/1,"The copyright and related rights status of this Item has been reviewed by the organization that has made the Item available, but the organization was unable to make a conclusive determination as to the copyright status of the Item. Please refer to the organization that has made the Item available for more information. You are free to use this Item in any way that is permitted by the copyright and related rights legislation that applies to your use."
rutgers-lib:74247,"C.I.S.P.E.S. Homeless Benefit+One Hand Clapping, The Ledge off George St, College Ave, Pleased Youth, Bodies in Panic (B.I.P.), Scram (philly), Shock Momies, P.E.D., Poetry by Elliot Katz, Sat Sep 20th, 8pm",1990,1990,"New Brunswick, N.J.; Philadelphia (Pa.); One Hand Clapping (Musical group); Pleased Youth (Musical group); Bodies in Panic (Musical group); Scram (Musical group); Shock Mommies (Musical group); P.E.D. (Musical group); Katz, Elliot",Band flyer,https://rucore.libraries.rutgers.edu/rutgers-lib/74247/,https://doi.org/doi:10.7282/t3-k3dd-bq54,https://rucore.libraries.rutgers.edu/api/get/rutgers-lib:74247/THUMBJPEG/1,https://rucore.libraries.rutgers.edu/api/get/rutgers-lib:74247/JPEG/1,https://rucore.libraries.rutgers.edu/api/get/rutgers-lib:74247/PDF/1,"The copyright and related rights status of this Item has been reviewed by the organization that has made the Item available, but the organization was unable to make a conclusive determination as to the copyright status of the Item. Please refer to the organization that has made the Item available for more information. You are free to use this Item in any way that is permitted by the copyright and related rights legislation that applies to your use."
rutgers-lib:70252,"Loose, Big Nurse, Hippie Witches : The Court Tavern",1990-1996,1990,New Brunswick (N.J.); Loose (Musical group),Band flyers,https://rucore.libraries.rutgers.edu/rutgers-lib/70252/,https://doi.org/doi:10.7282/t3-krz2-9q03,https://rucore.libraries.rutgers.edu/api/get/rutgers-lib:70252/THUMBJPEG/1,,https://rucore.libraries.rutgers.edu/api/get/rutgers-lib:70252/PDF/1,"The copyright and related rights status of this Item has been reviewed by the organization that has made the Item available, but the organization was unable to make a conclusive determination as to the copyright status of the Item.Please refer to the organization that has made the Item available for more information.You are free to use this Item in any way that is permitted by the copyright and related rights legislation that applies to your use."
rutgers-lib:74249,"The Observatory George St/Hamilton St Corner, Liquid, Fri Dec 1st 8:30pm",1990,1990,"New Brunswick, N.J.; Liquid (Musical group)",Band flyer,https://rucore.libraries.rutgers.edu/rutgers-lib/74249/,https://doi.org/doi:10.7282/t3-j652-ea28,https://rucore.libraries.rutgers.edu/api/get/rutgers-lib:74249/THUMBJPEG/1,https://rucore.libraries.rutgers.edu/api/get/rutgers-lib:74249/JPEG/1,https://rucore.libraries.rutgers.edu/api/get/rutgers-lib:74249/PDF/1,"The copyright and related rights status of this Item has been reviewed by the organization that has made the Item available, but the organization was unable to make a conclusive determination as to the copyright status of the Item. Please refer to the organization that has made the Item available for more information. You are free to use this Item in any way that is permitted by the copyright and related rights legislation that applies to your use."
rutgers-lib:74253,"WRSU presents Douglass Cafe Douglass Campus NB, Rainer Maria, Sparks Fly From a Kiss, Crayon Rosary, Zelda Pinwheel, Fri Dec 5th 6pm",1990,1990,"New Brunswick, N.J.; Rainer Maria (Musical group); Sparks Fly from a Kiss (Musical group); Crayon Rosary (Musical group); Zelda Pinwheel (Musical group)",Band flyer,https://rucore.libraries.rutgers.edu/rutgers-lib/74253/,https://doi.org/doi:10.7282/t3-hc7m-p636,https://rucore.libraries.rutgers.edu/api/get/rutgers-lib:74253/THUMBJPEG/1,https://rucore.libraries.rutgers.edu/api/get/rutgers-lib:74253/JPEG/1,https://rucore.libraries.rutgers.edu/api/get/rutgers-lib:74253/PDF/1,"The copyright and related rights status of this Item has been reviewed by the organization that has made the Item available, but the organization was unable to make a conclusive determination as to the copyright status of the Item. Please refer to the organization that has made the Item available for more information. You are free to use this Item in any way that is permitted by the copyright and related rights legislation that applies to your use."
rutgers-lib:70259,"""Four years for what?"": retributOIn, No Matter, P.E.D. : 310 Somerset Street",1992-05-21,1992,New Brunswick (N.J.); P.E.D. (Musical group); retribuOIn (Musical group); No Matter (Musical group),Band flyers,https://rucore.libraries.rutgers.edu/rutgers-lib/70259/,https://doi.org/doi:10.7282/t3-kf10-yb90,https://rucore.libraries.rutgers.edu/api/get/rutgers-lib:70259/THUMBJPEG/1,https://rucore.libraries.rutgers.edu/api/get/rutgers-lib:70259/JPEG/1,https://rucore.libraries.rutgers.edu/api/get/rutgers-lib:70259/PDF/1,"The copyright and related rights status of this Item has been reviewed by the organization that has made the Item available, but the organization was unable to make a conclusive determination as to the copyright status of the Item.Please refer to the organization that has made the Item available for more information.You are free to use this Item in any way that is permitted by the copyright and related rights legislation that applies to your use."
rutgers-lib:70250,"Kiaro Skuro, The Christines : The Melody Bar",1992-04-02,1992,New Brunswick (N.J.); Kiaro Skuro (Musical group),Band flyers,https://rucore.libraries.rutgers.edu/rutgers-lib/70250/,https://doi.org/doi:10.7282/t3-wv29-9a58,https://rucore.libraries.rutgers.edu/api/get/rutgers-lib:70250/THUMBJPEG/1,,https://rucore.libraries.rutgers.edu/api/get/rutgers-lib:70250/PDF/1,"The copyright and related rights status of this Item has been reviewed by the organization that has made the Item available, but the organization was unable to make a conclusive determination as to the copyright status of the Item.Please refer to the organization that has made the Item available for more information.You are free to use this Item in any way that is permitted by the copyright and related rights legislation that applies to your use."
rutgers-lib:72366,New Brunswick Focus Wed Jan 22 1992,1992-01-22,1992,New Brunswick (N.J.); New Brunswick Focus,Newspaper,https://rucore.libraries.rutgers.edu/rutgers-lib/72366/,https://doi.org/doi:10.7282/t3-b7q6-1406,https://rucore.libraries.rutgers.edu/api/get/rutgers-lib:72366/THUMBJPEG/1,https://rucore.libraries.rutgers.edu/api/get/rutgers-lib:72366/JPEG/1,https://rucore.libraries.rutgers.edu/api/get/rutgers-lib:72366/PDF/1,"The copyright and related rights status of this Item has been reviewed by the organization that has made the Item available, but the organization was unable to make a conclusive determination as to the copyright status of the Item. Please refer to the organization that has made the Item available for more information. You are free to use this Item in any way that is permitted by the copyright and related rights legislation that applies to your use."
rutgers-lib:72362,The Raging Lamos,1992-01-01,1992,New Brunswick (N.J.); The Raging Lamos,Band flyer,https://rucore.libraries.rutgers.edu/rutgers-lib/72362/,https://doi.org/doi:10.7282/t3-m28f-xc20,https://rucore.libraries.rutgers.edu/api/get/rutgers-lib:72362/THUMBJPEG/1,https://rucore.libraries.rutgers.edu/api/get/rutgers-lib:72362/JPEG/1,https://rucore.libraries.rutgers.edu/api/get/rutgers-lib:72362/PDF/1,"The copyright and related rights status of this Item has been reviewed by the organization that has made the Item available, but the organization was unable to make a conclusive determination as to the copyright status of the Item. Please refer to the organization that has made the Item available for more information. You are free to use this Item in any way that is permitted by the copyright and related rights legislation that applies to your use."
rutgers-lib:70258,"Policy of 3, Weston, Deadguy, Mr. Thumb : 149 Somerset St.",1993-06-26,1993,New Brunswick (N.J.); Policy of 3 (Musical group); Weston (Musical group); Deadguy (Musical group); Mr. Thumb (Musical group),Band flyers,https://rucore.libraries.rutgers.edu/rutgers-lib/70258/,https://doi.org/doi:10.7282/t3-gw43-ky28,https://rucore.libraries.rutgers.edu/api/get/rutgers-lib:70258/THUMBJPEG/1,https://rucore.libraries.rutgers.edu/api/get/rutgers-lib:70258/JPEG/1,https://rucore.libraries.rutgers.edu/api/get/rutgers-lib:70258/PDF/1,"The copyright and related rights status of this Item has been reviewed by the organization that has made the Item available, but the organization was unable to make a conclusive determination as to the copyright status of the Item.Please refer to the organization that has made the Item available for more information.You are free to use this Item in any way that is permitted by the copyright and related rights legislation that applies to your use."
rutgers-lib:70256,"""Corporate Rock Stores Suck"" : Cheap Thrills Records",1994,1994,New Brunswick (N.J.); Cheap Thrills Records,Band flyers,https://rucore.libraries.rutgers.edu/rutgers-lib/70256/,https://doi.org/doi:10.7282/t3-85wt-fj33,https://rucore.libraries.rutgers.edu/api/get/rutgers-lib:70256/THUMBJPEG/1,,,"The copyright and related rights status of this Item has been reviewed by the organization that has made the Item available, but the organization was unable to make a conclusive determination as to the copyright status of the Item.Please refer to the organization that has made the Item available for more information.You are free to use this Item in any way that is permitted by the copyright and related rights legislation that applies to your use."
rutgers-lib:72359,"Bowl O Drome 89 Jersey Ave NB, P.J. Frigiola, Rich Caposino, NYE 1994, 9pm to 3am",1994-12-31,1994,"New Brunswick (N.J.); Frigiola, P.J.; Caposino, Rich; Bowl O' Drome",Postcard,https://rucore.libraries.rutgers.edu/rutgers-lib/72359/,https://doi.org/doi:10.7282/t3-7a62-hq05,https://rucore.libraries.rutgers.edu/api/get/rutgers-lib:72359/THUMBJPEG/1,https://rucore.libraries.rutgers.edu/api/get/rutgers-lib:72359/JPEG/1,,"The copyright and related rights status of this Item has been reviewed by the organization that has made the Item available, but the organization was unable to make a conclusive determination as to the copyright status of the Item. Please refer to the organization that has made the Item available for more information. You are free to use this Item in any way that is permitted by the copyright and related rights legislation that applies to your use."
rutgers-lib:70260,"Ex Vegas, Mildred Pierce, Seething Grey : Bowl-O-Drome",1994-07-20,1994,New Brunswick (N.J.); Ex Vegas (Musical group); Mildred Pierce (Musical group); Seething Grey (Musical group); Bowl-O-Drome,Band flyers,https://rucore.libraries.rutgers.edu/rutgers-lib/70260/,https://doi.org/doi:10.7282/t3-xcgc-5j91,https://rucore.libraries.rutgers.edu/api/get/rutgers-lib:70260/THUMBJPEG/1,https://rucore.libraries.rutgers.edu/api/get/rutgers-lib:70260/JPEG/1,https://rucore.libraries.rutgers.edu/api/get/rutgers-lib:70260/PDF/1,"The copyright and related rights status of this Item has been reviewed by the organization that has made the Item available, but the organization was unable to make a conclusive determination as to the copyright status of the Item.Please refer to the organization that has made the Item available for more information.You are free to use this Item in any way that is permitted by the copyright and related rights legislation that applies to your use."
rutgers-lib:70093,"Rotator Cuff, Versus : Cook College Student Center",1994-12-08,1994,New Brunswick (N.J.); Rotator Cuff (Musical group); Versus (Musical group); Cook College Student Center,Band flyers,https://rucore.libraries.rutgers.edu/rutgers-lib/70093/,https://doi.org/doi:10.7282/t3-n3kw-fe28,https://rucore.libraries.rutgers.edu/api/get/rutgers-lib:70093/THUMBJPEG/1,,https://rucore.libraries.rutgers.edu/api/get/rutgers-lib:70093/PDF/1,"The copyright and related rights status of this Item has been reviewed by the organization that has made the Item available, but the organization was unable to make a conclusive determination as to the copyright status of the Item.Please refer to the organization that has made the Item available for more information.You are free to use this Item in any way that is permitted by the copyright and related rights legislation that applies to your use."
rutgers-lib:74255,"Deadguy,bleed, and Damnation AD, Friday Jan 27, at 8 pm for FREE, Cook College Cafe",1995-01-27,1995,"New Brunswick, N.J.; Deadguy (Musical group); Bleed (Musical group); DamnationAD (Musical group)",Band flyer,https://rucore.libraries.rutgers.edu/rutgers-lib/74255/,https://doi.org/doi:10.7282/t3-pxrh-kb79,https://rucore.libraries.rutgers.edu/api/get/rutgers-lib:74255/THUMBJPEG/1,https://rucore.libraries.rutgers.edu/api/get/rutgers-lib:74255/JPEG/1,https://rucore.libraries.rutgers.edu/api/get/rutgers-lib:74255/PDF/1,"The copyright and related rights status of this Item has been reviewed by the organization that has made the Item available, but the organization was unable to make a conclusive determination as to the copyright status of the Item. Please refer to the organization that has made the Item available for more information. You are free to use this Item in any way that is permitted by the copyright and related rights legislation that applies to your use."
rutgers-lib:70244,"Murphy's Law, Ujima : Springfest '95",1995-04-22,1995,New Brunswick (N.J.); Murphy's Law (Musical group); Ujima (Musical group),Band flyers,https://rucore.libraries.rutgers.edu/rutgers-lib/70244/,https://doi.org/doi:10.7282/t3-2ktk-wk05,https://rucore.libraries.rutgers.edu/api/get/rutgers-lib:70244/THUMBJPEG/1,,https://rucore.libraries.rutgers.edu/api/get/rutgers-lib:70244/PDF/1,"The copyright and related rights status of this Item has been reviewed by the organization that has made the Item available, but the organization was unable to make a conclusive determination as to the copyright status of the Item.Please refer to the organization that has made the Item available for more information.You are free to use this Item in any way that is permitted by the copyright and related rights legislation that applies to your use."
rutgers-lib:74254,"A.o.D, Pleasded Youth, B.i.P, P.E.D., Mar. 28, Livingston Student Center",1996-03-05,1996,"New Brunswick, N.J.; A.O.D. (Musical group); Pleased Youth (Musical group); B.I.P. (Musical group); P.E.D. (Musical group)",Band flyer,https://rucore.libraries.rutgers.edu/rutgers-lib/74254/,https://doi.org/doi:10.7282/t3-at28-pt95,https://rucore.libraries.rutgers.edu/api/get/rutgers-lib:74254/THUMBJPEG/1,https://rucore.libraries.rutgers.edu/api/get/rutgers-lib:74254/JPEG/1,https://rucore.libraries.rutgers.edu/api/get/rutgers-lib:74254/PDF/1,"The copyright and related rights status of this Item has been reviewed by the organization that has made the Item available, but the organization was unable to make a conclusive determination as to the copyright status of the Item. Please refer to the organization that has made the Item available for more information. You are free to use this Item in any way that is permitted by the copyright and related rights legislation that applies to your use."
rutgers-lib:70255,"Mars Needs Women, Das Yahoos, Spellbinder : The Court Tavern",1996-11-21,1996,New Brunswick (N.J.); Mars Needs Women (Musical group),Band flyers,https://rucore.libraries.rutgers.edu/rutgers-lib/70255/,https://doi.org/doi:10.7282/t3-nb59-tx38,https://rucore.libraries.rutgers.edu/api/get/rutgers-lib:70255/THUMBJPEG/1,,https://rucore.libraries.rutgers.edu/api/get/rutgers-lib:70255/PDF/1,"The copyright and related rights status of this Item has been reviewed by the organization that has made the Item available, but the organization was unable to make a conclusive determination as to the copyright status of the Item.Please refer to the organization that has made the Item available for more information.You are free to use this Item in any way that is permitted by the copyright and related rights legislation that applies to your use."
rutgers-lib:70251,Rotator Cuff : Melody Bar,1996-05-24,1996,New Brunswick (N.J.); Rotator Cuff (Musical group); The Melody Bar,Band flyers,https://rucore.libraries.rutgers.edu/rutgers-lib/70251/,https://doi.org/doi:10.7282/t3-ra95-6a05,https://rucore.libraries.rutgers.edu/api/get/rutgers-lib:70251/THUMBJPEG/1,https://rucore.libraries.rutgers.edu/api/get/rutgers-lib:70251/JPEG/1,https://rucore.libraries.rutgers.edu/api/get/rutgers-lib:70251/PDF/1,"The copyright and related rights status of this Item has been reviewed by the organization that has made the Item available, but the organization was unable to make a conclusive determination as to the copyright status of the Item.Please refer to the organization that has made the Item available for more information.You are free to use this Item in any way that is permitted by the copyright and related rights legislation that applies to your use."
rutgers-lib:70092,The Insomniacs : Brighton Bar,1996-09-07,1996,New Brunswick (N.J.); The Insomniacs (Musical group); The Brighton Bar,Band flyers,https://rucore.libraries.rutgers.edu/rutgers-lib/70092/,https://doi.org/doi:10.7282/t3-z917-xe96,https://rucore.libraries.rutgers.edu/api/get/rutgers-lib:70092/THUMBJPEG/1,,https://rucore.libraries.rutgers.edu/api/get/rutgers-lib:70092/PDF/1,"The copyright and related rights status of this Item has been reviewed by the organization that has made the Item available, but the organization was unable to make a conclusive determination as to the copyright status of the Item.Please refer to the organization that has made the Item available for more information.You are free to use this Item in any way that is permitted by the copyright and related rights legislation that applies to your use."
rutgers-lib:72356,"20 Huntington St NB, Ex-Number Five, The Exploder, Waifle, Majority Rule, Sun Jan 9th 1999 2pm",1999-01-09,1999,New Brunswick (N.J.); Ex-Number Five; The Exploder; Waifle; Majority Rule; New Brunswick,Band flyer,https://rucore.libraries.rutgers.edu/rutgers-lib/72356/,https://doi.org/doi:10.7282/t3-31tz-b953,https://rucore.libraries.rutgers.edu/api/get/rutgers-lib:72356/THUMBJPEG/1,https://rucore.libraries.rutgers.edu/api/get/rutgers-lib:72356/JPEG/1,https://rucore.libraries.rutgers.edu/api/get/rutgers-lib:72356/PDF/1,"The copyright and related rights status of this Item has been reviewed by the organization that has made the Item available, but the organization was unable to make a conclusive determination as to the copyright status of the Item. Please refer to the organization that has made the Item available for more information. You are free to use this Item in any way that is permitted by the copyright and related rights legislation that applies to your use."
rutgers-lib:72346,"House of Bad Touch, Buzzkill",1999-01-01,1999,New Brunswick (N.J.); Buzzkill; House of Bad Touch,Band flyer,https://rucore.libraries.rutgers.edu/rutgers-lib/72346/,https://doi.org/doi:10.7282/t3-dhs5-7s51,https://rucore.libraries.rutgers.edu/api/get/rutgers-lib:72346/THUMBJPEG/1,https://rucore.libraries.rutgers.edu/api/get/rutgers-lib:72346/JPEG/1,https://rucore.libraries.rutgers.edu/api/get/rutgers-lib:72346/PDF/1,"The copyright and related rights status of this Item has been reviewed by the organization that has made the Item available, but the organization was unable to make a conclusive determination as to the copyright status of the Item. Please refer to the organization that has made the Item available for more information. You are free to use this Item in any way that is permitted by the copyright and related rights legislation that applies to your use."
rutgers-lib:72369,"15 Reid Street Sayreville, Young Turks Sat Apr 7th Patrix w/ Jim Carrol| Sat Apr 14th Patrix w/ Cucumbers + Frozen| Sun Apr 15th Roxy Grill (Billy and Mill solo)| Mon Apr 23rd Melody",2000-04-07,2000,Sayreville (N.J.); Young Turks; Patrix; Jim Carrol; Cucumbers; Frozen; The RoxyGrill; Melody,Band flyer,https://rucore.libraries.rutgers.edu/rutgers-lib/72369/,https://doi.org/doi:10.7282/t3-9kfb-n314,https://rucore.libraries.rutgers.edu/api/get/rutgers-lib:72369/THUMBJPEG/1,https://rucore.libraries.rutgers.edu/api/get/rutgers-lib:72369/JPEG/1,https://rucore.libraries.rutgers.edu/api/get/rutgers-lib:72369/PDF/1,"The copyright and related rights status of this Item has been reviewed by the organization that has made the Item available, but the organization was unable to make a conclusive determination as to the copyright status of the Item. Please refer to the organization that has made the Item available for more information. You are free to use this Item in any way that is permitted by the copyright and related rights legislation that applies to your use."
rutgers-lib:72378,"@Indigo Jones George Street, Felix Frump, Buzzkill, Nowhere Fast, Boss Jim Gettys, The Friggs, Independence day, The Stuntcocks Sat Nov 16th all ages 3$ 1pm sharp",2000-11-16,2000,New Brunswick (N.J.); Indigo Jones; Felix Frump; Buzzkill; Nowhere Fast; Boss Jim Gettys; The Friggs; Independence Day,Band flyer,https://rucore.libraries.rutgers.edu/rutgers-lib/72378/,https://doi.org/doi:10.7282/t3-tvdm-rr92,https://rucore.libraries.rutgers.edu/api/get/rutgers-lib:72378/THUMBJPEG/1,https://rucore.libraries.rutgers.edu/api/get/rutgers-lib:72378/JPEG/1,https://rucore.libraries.rutgers.edu/api/get/rutgers-lib:72378/PDF/1,"The copyright and related rights status of this Item has been reviewed by the organization that has made the Item available, but the organization was unable to make a conclusive determination as to the copyright status of the Item. Please refer to the organization that has made the Item available for more information. You are free to use this Item in any way that is permitted by the copyright and related rights legislation that applies to your use."
rutgers-lib:72367,"College Ave Student Center Radiator Cafe Benefit Concert, Kiaro Skuro, Green Lion Burning, Amandla, Seething Grey, Amir Abduraham, Christine Kelly, Eliot Katz, Laurie Berkener, Janice Burke, Stephanie Spanja, Thurs Dec 12 7pm",2000-12-12,2000,New Brunswick (N.J.); College Ave Student Center; Kiaro Skuro; Green Lion Burning; Amandla; Seething Grey; Amir Abduraham; Christine Kelly; Eliot Katz; Laurie Berkener; Janice Burke; Stephanie Spanja,Band flyer,https://rucore.libraries.rutgers.edu/rutgers-lib/72367/,https://doi.org/doi:10.7282/t3-shdd-gy16,https://rucore.libraries.rutgers.edu/api/get/rutgers-lib:72367/THUMBJPEG/1,https://rucore.libraries.rutgers.edu/api/get/rutgers-lib:72367/JPEG/1,https://rucore.libraries.rutgers.edu/api/get/rutgers-lib:72367/PDF/1,"The copyright and related rights status of this Item has been reviewed by the organization that has made the Item available, but the organization was unable to make a conclusive determination as to the copyright status of the Item. Please refer to the organization that has made the Item available for more information. You are free to use this Item in any way that is permitted by the copyright and related rights legislation that applies to your use."
rutgers-lib:72377,Court Tavern Benefit for Ethan Stein Scholarship Sep 27-29,2000-09-27,2000,New Brunswick (N.J.); Court Tavern,Band flyer,https://rucore.libraries.rutgers.edu/rutgers-lib/72377/,https://doi.org/doi:10.7282/t3-krpa-5s54,https://rucore.libraries.rutgers.edu/api/get/rutgers-lib:72377/THUMBJPEG/1,https://rucore.libraries.rutgers.edu/api/get/rutgers-lib:72377/JPEG/1,https://rucore.libraries.rutgers.edu/api/get/rutgers-lib:72377/PDF/1,"The copyright and related rights status of this Item has been reviewed by the organization that has made the Item available, but the organization was unable to make a conclusive determination as to the copyright status of the Item. Please refer to the organization that has made the Item available for more information. You are free to use this Item in any way that is permitted by the copyright and related rights legislation that applies to your use."
rutgers-lib:72374,Court Tavern Frozen Concentrate Fri Oct 26th Halloween Masquerade,2000-10-26,2000,New Brunswick (N.J.); Frozen Concentrate; Court Tavern,Band flyer,https://rucore.libraries.rutgers.edu/rutgers-lib/72374/,https://doi.org/doi:10.7282/t3-2j0c-qc60,https://rucore.libraries.rutgers.edu/api/get/rutgers-lib:72374/THUMBJPEG/1,https://rucore.libraries.rutgers.edu/api/get/rutgers-lib:72374/JPEG/1,https://rucore.libraries.rutgers.edu/api/get/rutgers-lib:72374/PDF/1,"The copyright and related rights status of this Item has been reviewed by the organization that has made the Item available, but the organization was unable to make a conclusive determination as to the copyright status of the Item. Please refer to the organization that has made the Item available for more information. You are free to use this Item in any way that is permitted by the copyright and related rights legislation that applies to your use."
rutgers-lib:72376,"Court Tavern Shades Apart, Seething Grey, Eclipse of Reason, Halo Boots Sun March 6th 3pm all ages show",2000-03-06,2000,New Brunswick (N.J.); Shades Apart; Seething Grey; Eclipse of Reason; Halo Boots; Court Tavern,Band flyer,https://rucore.libraries.rutgers.edu/rutgers-lib/72376/,https://doi.org/doi:10.7282/t3-mvyj-bj42,https://rucore.libraries.rutgers.edu/api/get/rutgers-lib:72376/THUMBJPEG/1,https://rucore.libraries.rutgers.edu/api/get/rutgers-lib:72376/JPEG/1,https://rucore.libraries.rutgers.edu/api/get/rutgers-lib:72376/PDF/1,"The copyright and related rights status of this Item has been reviewed by the organization that has made the Item available, but the organization was unable to make a conclusive determination as to the copyright status of the Item. Please refer to the organization that has made the Item available for more information. You are free to use this Item in any way that is permitted by the copyright and related rights legislation that applies to your use."
rutgers-lib:72372,Perry M Feigenbaum Presents July at the Jetty 426 Bloomfield Ave| July 9th Sussman & Lawrence w/ Fahrenheit 451 | Jul 16th From San Francisco Fright Wig w/ Children in Adult Jails | Jul 23 Spiral Jetty and Winter Hours,2000-07-09,2000,Bloomfield (N.J.); San Francisco (CA); The Jetty; Sussman & Lawrence; Fahrenheit 451; Fright Wig; Children in Adult Jails; Spiral Jetty; Winter Hours,Band flyer,https://rucore.libraries.rutgers.edu/rutgers-lib/72372/,https://doi.org/doi:10.7282/t3-8ae1-a958,https://rucore.libraries.rutgers.edu/api/get/rutgers-lib:72372/THUMBJPEG/1,https://rucore.libraries.rutgers.edu/api/get/rutgers-lib:72372/JPEG/1,https://rucore.libraries.rutgers.edu/api/get/rutgers-lib:72372/PDF/1,"The copyright and related rights status of this Item has been reviewed by the organization that has made the Item available, but the organization was unable to make a conclusive determination as to the copyright status of the Item. Please refer to the organization that has made the Item available for more information. You are free to use this Item in any way that is permitted by the copyright and related rights legislation that applies to your use."
rutgers-lib:72370,"Roxy Bar French Street New Brunswick, Dans 2nd Annual Get Real Drunk Birthday and Bash, Butthead and the Mad Daddys, The Raging Lamos, Sun May 10th",2000-05-10,2000,New Brunswick (N.J.); The Roxy; Butthead and the Mad Daddys; The Raging Lamos,Band flyer,https://rucore.libraries.rutgers.edu/rutgers-lib/72370/,https://doi.org/doi:10.7282/t3-9gr9-az07,https://rucore.libraries.rutgers.edu/api/get/rutgers-lib:72370/THUMBJPEG/1,https://rucore.libraries.rutgers.edu/api/get/rutgers-lib:72370/JPEG/1,https://rucore.libraries.rutgers.edu/api/get/rutgers-lib:72370/PDF/1,"The copyright and related rights status of this Item has been reviewed by the organization that has made the Item available, but the organization was unable to make a conclusive determination as to the copyright status of the Item. Please refer to the organization that has made the Item available for more information. You are free to use this Item in any way that is permitted by the copyright and related rights legislation that applies to your use."
rutgers-lib:72379,"Circuit City Cover Show Rilo Kiley, The Promise Ring, Dinosaur Jr Feb 15th",2006-02-15,2006,New Brunswick (N.J.); Rilo Kiley; The Promise Ring; Dinosaur Jr; Circuit City,Band flyer,https://rucore.libraries.rutgers.edu/rutgers-lib/72379/,https://doi.org/doi:10.7282/t3-gmss-8343,https://rucore.libraries.rutgers.edu/api/get/rutgers-lib:72379/THUMBJPEG/1,https://rucore.libraries.rutgers.edu/api/get/rutgers-lib:72379/JPEG/1,https://rucore.libraries.rutgers.edu/api/get/rutgers-lib:72379/PDF/1,"The copyright and related rights status of this Item has been reviewed by the organization that has made the Item available, but the organization was unable to make a conclusive determination as to the copyright status of the Item. Please refer to the organization that has made the Item available for more information. You are free to use this Item in any way that is permitted by the copyright and related rights legislation that applies to your use."
rutgers-lib:72363,"Court Tavern, Fantasys Core, Nov 6 2006",2006-11-06,2006,New Brunswick (N.J.); Fantasy's Core; Court Tavern,Band flyer,https://rucore.libraries.rutgers.edu/rutgers-lib/72363/,https://doi.org/doi:10.7282/t3-8cqm-3e27,https://rucore.libraries.rutgers.edu/api/get/rutgers-lib:72363/THUMBJPEG/1,https://rucore.libraries.rutgers.edu/api/get/rutgers-lib:72363/JPEG/1,https://rucore.libraries.rutgers.edu/api/get/rutgers-lib:72363/PDF/1,"The copyright and related rights status of this Item has been reviewed by the organization that has made the Item available, but the organization was unable to make a conclusive determination as to the copyright status of the Item. Please refer to the organization that has made the Item available for more information. You are free to use this Item in any way that is permitted by the copyright and related rights legislation that applies to your use."
rutgers-lib:74256,"Yorba Lounge Tillet Livingston, The Boils, The Skabs, The Dehumanized, The Degenerics, Heidnik Stew, April 25th, 7pm",2009-04-25,2009,"New Brunswick, N.J.; The Boils (Musical group); The Skabs (Musical group); The Dehumanized (Musical group); The Degenerics (Musical group); Heidnick Stew",Band flyer,https://rucore.libraries.rutgers.edu/rutgers-lib/74256/,https://doi.org/doi:10.7282/t3-9gvj-z765,https://rucore.libraries.rutgers.edu/api/get/rutgers-lib:74256/THUMBJPEG/1,https://rucore.libraries.rutgers.edu/api/get/rutgers-lib:74256/JPEG/1,https://rucore.libraries.rutgers.edu/api/get/rutgers-lib:74256/PDF/1,"The copyright and related rights status of this Item has been reviewed by the organization that has made the Item available, but the organization was unable to make a conclusive determination as to the copyright status of the Item. Please refer to the organization that has made the Item available for more information. You are free to use this Item in any way that is permitted by the copyright and related rights legislation that applies to your use."
rutgers-lib:74258,"Core Coffee House Red Lion Cafe Rutgers Student Center CA, Bog Iron Bloom, The Brummy Brothers, Pilots in Orbit, Frank Lombardi, Cherry Sea, Osaka, March 9th 2013 6pm",2013-03-09,2013,"New Brunswick, N.J.; Big Iron Bloom (Musical group); The Brummy Brothers (Musical group); Pilots in Orbit (Musical group); Lombardi, Frank; Cherry Seal (Musical group); Osaka (Musical group)",Band flyer,https://rucore.libraries.rutgers.edu/rutgers-lib/74258/,https://doi.org/doi:10.7282/t3-mrgk-qd78,https://rucore.libraries.rutgers.edu/api/get/rutgers-lib:74258/THUMBJPEG/1,https://rucore.libraries.rutgers.edu/api/get/rutgers-lib:74258/JPEG/1,https://rucore.libraries.rutgers.edu/api/get/rutgers-lib:74258/PDF/1,"The copyright and related rights status of this Item has been reviewed by the organization that has made the Item available, but the organization was unable to make a conclusive determination as to the copyright status of the Item. Please refer to the organization that has made the Item available for more information. You are free to use this Item in any way that is permitted by the copyright and related rights legislation that applies to your use."
rutgers-lib:74257,"Rutgers Student Center MPR, Core Fest 2013, Wild Rice, Sink Tapes, TerrorPegionDanceRevolt, Long Faces, Perennial Reel, exWife, Sun Puddles, Mumblr, Sat April 13th 3pm",2013-04-13,2013,"New Brunswick, N.J.; Wild Rice (Musical group); Sink Tapes (Musical group); TerrorPegionDanceRevolt (Musical group); Long Faces (Musical group); Perennial Reel (Musical group); exWife (Musical group); Sun Puddles (Musical group); Mumblr (Musical group)",Band flyer,https://rucore.libraries.rutgers.edu/rutgers-lib/74257/,https://doi.org/doi:10.7282/t3-5vvy-7321,https://rucore.libraries.rutgers.edu/api/get/rutgers-lib:74257/THUMBJPEG/1,https://rucore.libraries.rutgers.edu/api/get/rutgers-lib:74257/JPEG/1,https://rucore.libraries.rutgers.edu/api/get/rutgers-lib:74257/PDF/1,"The copyright and related rights status of this Item has been reviewed by the organization that has made the Item available, but the organization was unable to make a conclusive determination as to the copyright status of the Item. Please refer to the organization that has made the Item available for more information. You are free to use this Item in any way that is permitted by the copyright and related rights legislation that applies to your use."
rutgers-lib:72375,"Cooler Ranch Delay Martha, Heat Anxious, Summer Tour 14",2014-01-01,2014,New Brunswick (N.J.); Delay Martha; Heat Anxious; Cooler Ranch,Band flyer,https://rucore.libraries.rutgers.edu/rutgers-lib/72375/,https://doi.org/doi:10.7282/t3-72k8-s926,https://rucore.libraries.rutgers.edu/api/get/rutgers-lib:72375/THUMBJPEG/1,https://rucore.libraries.rutgers.edu/api/get/rutgers-lib:72375/JPEG/1,https://rucore.libraries.rutgers.edu/api/get/rutgers-lib:72375/PDF/1,"The copyright and related rights status of this Item has been reviewed by the organization that has made the Item available, but the organization was unable to make a conclusive determination as to the copyright status of the Item. Please refer to the organization that has made the Item available for more information. You are free to use this Item in any way that is permitted by the copyright and related rights legislation that applies to your use."
rutgers-lib:72371,Bike Theifs Summer Tour 2018 |Aug 8 Ottowa House of Targ| Aug 9 Montreal La Sotterenea |Aug 10 Burlington Rat Haus| Aug 12 Boston OBrien Pub| Aug 13 Brooklyn Alphaville| Aug 14 New Brunswick Liquor Store| Aug 15 Philadelphia The Pharmacy Aug 16 D.C. Black Cat| Aug 17 Pittsburgh The Bushnel,2018-08-08,2018,Ontario(Canada); Montreal(Canada); Burlington (N.J.); Boston (M.A.); Brooklyn (N.Y.); New Brunswick (N.J.); Philadelphia (P.A.); Washington (D.C.); Pittsburg (P.A.); Bike Theifs; Ottowa House of Targ; La Sotterenea; Rat Haus; Boston OBrien Pub; Alphaville; New Brunswick Liquor Store; The Pharmacy; Black Cat; The Bushnel,Band flyer,https://rucore.libraries.rutgers.edu/rutgers-lib/72371/,https://doi.org/doi:10.7282/t3-46p6-dv65,https://rucore.libraries.rutgers.edu/api/get/rutgers-lib:72371/THUMBJPEG/1,https://rucore.libraries.rutgers.edu/api/get/rutgers-lib:72371/JPEG/1,https://rucore.libraries.rutgers.edu/api/get/rutgers-lib:72371/PDF/1,"The copyright and related rights status of this Item has been reviewed by the organization that has made the Item available, but the organization was unable to make a conclusive determination as to the copyright status of the Item. Please refer to the organization that has made the Item available for more information. You are free to use this Item in any way that is permitted by the copyright and related rights legislation that applies to your use."
rutgers-lib:70243,"Japanese Breakfast, Ehiorobo, Din, Junkanoo, Jeff Linden and the Black Spot Society : College Avenue Student Center",2018-03-23,2018,New Brunswick (N.J.); Japanese Breakfast (Musical group); Ehiorobo (Musical group); Din (Musical group); Junkanoo (Musical group); Jeff Linden and the Black Spot Society (Musical group); College Avenue Student Center,Band flyers,https://rucore.libraries.rutgers.edu/rutgers-lib/70243/,https://doi.org/doi:10.7282/t3-nnn8-nr21,https://rucore.libraries.rutgers.edu/api/get/rutgers-lib:70243/THUMBJPEG/1,,https://rucore.libraries.rutgers.edu/api/get/rutgers-lib:70243/PDF/1,"The copyright and related rights status of this Item has been reviewed by the organization that has made the Item available, but the organization was unable to make a conclusive determination as to the copyright status of the Item.Please refer to the organization that has made the Item available for more information.You are free to use this Item in any way that is permitted by the copyright and related rights legislation that applies to your use."
